part,corpus,method,boundary_f1_2,boundary_f1_4,boundary_f1_4_ci,boundary_f1_6,segment_f1,segment_f1_ci,clipping,fragmentation,merge,count_ratio,duration_mean_s,duration_sd_s,abs_count_error,exact_count_rate,dtw_ratio,dtw_random_control,segments_per_min
A_synthetic,synthetic_direct,velocity,0.319,0.401,0.389-0.412,0.460,0.122,0.109-0.135,0.928,0.051,0.078,1.391,0.709,0.631,,,,,
A_synthetic,synthetic_direct,uniform,0.125,0.203,0.192-0.214,0.267,0.373,0.354-0.392,0.827,0.832,0.009,1.991,1.350,0.197,,,,,
A_synthetic,synthetic_direct,rope_app,0.046,0.065,0.053-0.079,0.089,0.037,0.027-0.050,0.988,0.007,0.000,0.212,0.466,0.300,,,,,
A_synthetic,synthetic_direct,rope_pkg,0.398,0.446,0.433-0.461,0.472,0.276,0.259-0.295,0.764,0.338,0.009,2.567,0.649,0.527,,,,,
A_synthetic,synthetic_direct,rope_pkg_wrapper_decoder,0.399,0.451,0.437-0.466,0.483,0.305,0.288-0.324,0.754,0.342,0.011,2.304,0.718,0.543,,,,,
A_synthetic,synthetic_direct,rope_app_old_decoder,0.043,0.061,0.051-0.074,0.085,0.102,0.084-0.119,0.161,0.051,0.872,0.446,5.843,5.622,,,,,
A_synthetic,synthetic_rest,velocity,0.334,0.435,0.424-0.445,0.499,0.095,0.084-0.107,0.934,0.051,0.024,1.771,0.620,0.557,,,,,
A_synthetic,synthetic_rest,uniform,0.119,0.205,0.194-0.215,0.300,0.334,0.317-0.350,0.823,0.827,0.000,2.350,1.354,0.194,,,,,
A_synthetic,synthetic_rest,rope_app,0.032,0.045,0.035-0.056,0.059,0.014,0.008-0.022,0.998,0.002,0.000,0.167,0.408,0.260,,,,,
A_synthetic,synthetic_rest,rope_pkg,0.323,0.375,0.366-0.383,0.407,0.212,0.197-0.227,0.803,0.359,0.000,3.020,0.645,0.496,,,,,
A_synthetic,synthetic_rest,rope_pkg_wrapper_decoder,0.320,0.376,0.366-0.385,0.417,0.241,0.224-0.256,0.786,0.363,0.001,2.716,0.716,0.520,,,,,
A_synthetic,synthetic_rest,rope_app_old_decoder,0.031,0.044,0.035-0.054,0.061,0.069,0.053-0.085,0.104,0.043,0.901,0.386,8.350,7.555,,,,,
B_real_glosses,isharah,velocity,,,,,,,,,,,1.246,1.141,1.92,0.138,0.990,1.026,
B_real_glosses,isharah,uniform,,,,,,,,,,,1.274,0.307,1.72,0.224,0.899,0.867,
B_real_glosses,isharah,rope_app,,,,,,,,,,,0.432,0.257,3.14,0.088,0.881,0.895,
B_real_glosses,isharah,rope_pkg,,,,,,,,,,,0.502,0.325,1.82,0.170,0.888,0.906,
B_real_glosses,isharah,rope_pkg_wrapper_decoder,,,,,,,,,,,0.534,0.331,1.61,0.224,0.776,0.913,
B_real_glosses,isharah,rope_app_old_decoder,,,,,,,,,,,2.160,3.158,2.32,0.138,,,
B_real_glosses,isharah,pause_cut_known_n,,,,,,,,,,,1.121,0.988,0.00,1.000,0.921,0.875,
B_real_glosses,arabsign,velocity,,,,,,,,,,,0.884,0.712,0.69,0.447,0.623,0.780,
B_real_glosses,arabsign,uniform,,,,,,,,,,,1.229,0.335,0.47,0.560,0.631,0.829,
B_real_glosses,arabsign,rope_app,,,,,,,,,,,0.410,0.256,2.07,0.070,0.640,0.586,
B_real_glosses,arabsign,rope_pkg,,,,,,,,,,,0.513,0.280,0.91,0.373,0.570,0.786,
B_real_glosses,arabsign,rope_pkg_wrapper_decoder,,,,,,,,,,,0.547,0.278,0.70,0.450,0.574,0.876,
B_real_glosses,arabsign,rope_app_old_decoder,,,,,,,,,,,1.842,1.473,1.37,0.160,,,
B_real_glosses,arabsign,pause_cut_known_n,,,,,,,,,,,1.153,0.659,0.00,1.000,0.621,0.710,
B_no_ground_truth,egcbt,velocity,,,,,,,,,,,1.300,1.234,,,,,22.8
B_no_ground_truth,egcbt,uniform,,,,,,,,,,,1.395,0.030,,,,,43.0
B_no_ground_truth,egcbt,rope_app,,,,,,,,,,,0.451,0.304,,,,,37.0
B_no_ground_truth,egcbt,rope_pkg,,,,,,,,,,,0.424,0.305,,,,,81.0
B_no_ground_truth,egcbt,rope_pkg_wrapper_decoder,,,,,,,,,,,0.448,0.311,,,,,76.3
B_no_ground_truth,egcbt,rope_app_old_decoder,,,,,,,,,,,1.022,1.431,,,,,41.3
B_no_ground_truth,youtube_asl,velocity,,,,,,,,,,,1.660,1.514,,,,,27.0
B_no_ground_truth,youtube_asl,uniform,,,,,,,,,,,1.263,0.304,,,,,47.5
B_no_ground_truth,youtube_asl,rope_app,,,,,,,,,,,0.418,0.254,,,,,35.7
B_no_ground_truth,youtube_asl,rope_pkg,,,,,,,,,,,0.388,0.265,,,,,98.5
B_no_ground_truth,youtube_asl,rope_pkg_wrapper_decoder,,,,,,,,,,,0.435,0.283,,,,,86.8
B_no_ground_truth,youtube_asl,rope_app_old_decoder,,,,,,,,,,,1.006,1.401,,,,,43.5
