route	word	gloss	matched	context	ok
exact	başka	başka	başka	ortağı olmayan allah tan başka hak ilah yoktur mülk	
exact	temiz	temiz	temiz	değildir buyurmuştur üçüncüsü cünüplükten temiz olmaktır dördüncüsü temizden kasıt	
exact	olur	olur	olur	kabir sorgusundan da emin olur allah yolunda müslümanları korumak	
exact	dua	dua	dua	rabbiniz dedi ki bana dua edin de size icabet	
exact	gerçek	gerçek	gerçek	yaptıklarını görüp kavrar ve gerçek mevlaları olan allah a	
exact	allah	allah	allah	başka hak ilah olmayan allah tır o her şeyi	
exact	enes	ENES	enes	enes b mâlik radıyallahu anh	
exact	iki	iki	iki	iki rekât kıldı sonra iki rekât kıldı sonra da	
exact	ancak	ancak	ancak	sizin yaratılmanız ve diriltilmeniz ancak bir tek kişi nin	
exact	temiz	temiz	temiz	buyurdu ki onun suyu temiz ölüsü helaldir bir adam	
exact	yedirmek	yedirmek	yedirmek	bir etti ondan sana yedirmek hoşumuza gitmedi dediler rasulullah	
exact	peygamber	peygamber	peygamber	olanlar sen gönderilmiş bir peygamber değilsin derler de ki	
exact	sabah	sabah	sabah	müezzin sabah ezanında hayye ale l	
exact	böyle	böyle	böyle	etmiş çekişmiş olur kim böyle yaparsa allah ona azap	
exact	var	var	var	yaşamamışlardı şuayb ı yalanlayanlar var ya asıl ziyana uğrayanlar	
exact	zaman	zaman	zaman	ki gece namaza kalktığın zaman seni görüyor	
exact	un	un	un	el hattâb radıyallahu anhum un babasından rivayet ettiğine göre	
exact	rahat	rahat	rahat	sabretmesini emretti kadın beni rahat bırak çünkü benim başıma	
exact	hak	hak	hak	düştükleri meryem oğlu isâ hak söze göre budur	
exact	dokuz	dokuz	dokuz	ateşi dünya ateşinden altmış dokuz kat üstün kılındı her	
exact	kendi	kendi	kendi	andolsun onlar mutlaka kendi yüklerini ve kendi yükleriyle	
exact	rasûlullah	rasûlullah	rasûlullah	ön dişlerinden ikisi söküldü rasûlullah sallallahu aleyhi ve sellem	
exact	iki	iki	iki	oturursa sözü ile kadının iki eli ve iki aya	
exact	bana	bana	bana	hamt iyice yaşlanmış iken bana ismail i ve ishak	
exact	aleyhi	aleyhi	aleyhi	radıyalahu anha nebî sallallahu aleyhi ve sellem e uhud	
exact	değil	değil	değil	baba gibi olduğunun farkında değil misin teysiru l allâm	
exact	allah	allah	allah	diye böyle yaptık çünkü allah kendini beğenip övünen hiçbir	
exact	allah	allah	allah	ihsanın bir göstergesidir yüce allah en doğrusunu bilendir	
exact	hak	hak	hak	nihayet o kimse seni hak ile gönderen allah a	
exact	allah	allah	allah	misin dedi bunun üzerine allah rasûlü sallallahu aleyhi ve	
compound	ebûbekir	EBU BEKİR	ebûbekir	de ondan yedi köle ebûbekir e bu sana getirdiğim	
compound	ebubekir	EBU BEKİR	ebubekir	aleyhi ve sellem i ebubekir i ve ömer i	
compound	oniki	on iki	oniki	her bir askerin hissesine oniki deve düştü bu hisselerine	
compound	ebubekir	EBU BEKİR	ebubekir	dan rivayet etmişlerdir çocuk ebubekir radıyallahu anh a bu	
compound	ebûbekir	EBU BEKİR	ebûbekir	aldığı bir miktar maldır ebûbekir e getirip verirdi de	
compound	onaltı	on altı	onaltı	birçok işçi tuttum ona onaltı ratl mısır verdi ücretini	
compound	hergün	her gün	hergün	ikindi namazlarını kıldıktan sonra hergün hanımlarını teker teker ziyaret	
compound	ebûbekir	EBU BEKİR	ebûbekir	yemek takdim etti ve ebûbekir radıyallahu anh da bu	
compound	ebûbekir	EBU BEKİR	ebûbekir	kazancından bir şey getirdi ebûbekir de ondan yedi köle	
compound	ebubekir	EBU BEKİR	ebubekir	sallallahu aleyhi ve sellem ebubekir ve ömer radıyallahu anhum	
lemma	olmazlarsa	olmaz	olmazlarsa	eğer bu vakitte hazır olmazlarsa ise namaz gecenin ilk	
lemma	altınla	alt	altınla	altının altınla gümüşün gümüşle buğdayın buğdayla	
lemma	birincisi	birinci	birincisi	bu amellerden bazıları şunlardır birincisi kim bir şeyde uğursuzluk	
lemma	müminlerin	mümin	müminlerin	sellem in eceli yaklaştığında müminlerin annesi âişe radıyallahu anha	
lemma	verir	vermek	verir	bilakis allah dilediğine hidayet verir ve hidayete girecek olanları	
lemma	sana	sen	sana	sayıp durma allah da sana karşı nimetini sayıp esirger	
lemma	ayakları	ayak	ayakları	dünyada onları ayakları üzerine yürüten allah yüzleri	
lemma	biridir	biri	biridir	o kendini beğenmiş yalancının biridir	
lemma	ettiği	etmek	ettiği	ve sellem rabbinden rivayet ettiği hadiste müminlerden bir taife	
lemma	buyurdu	buyurmak	buyurdu	tahsis etmeni uygun görürüm buyurdu bunun üzerine ebu talha	
lemma	edip	etmek	edip	iman edip salih amelleri işleyenlere gelince	
lemma	ettiğimiz	etmek	ettiğimiz	onlardan önce helâk ettiğimiz hiçbir memleket halkı iman	
lemma	insanlara	insan	insanlara	için çok kolaydır onu insanlara bir mucize katımızdan bir	
lemma	ölümler	ölüm	ölümler	fethi sonra çokça yaşanacak ölümler zira bu koyun hastalığı	
lemma	annesi	anne	annesi	yer kalmıştır onun bir annesi vardı ona çok iyi	
lemma	onlara	onlar	onlara	imkânının olmadığını haber verdi onlara iffetli olmayı insanlara muhtaç	
lemma	öncesinde	önce	öncesinde	ve şöyle dedi daha öncesinde onu bir iki kereden	
lemma	edildiğine	etmek	edildiğine	dan merfû olarak rivayet edildiğine göre hibesini geri dönüp	
lemma	dinlersin	dinlemek	dinlersin	beğenir konuştuğunda da sözünü dinlersin ancak o kendisinde hayır	
lemma	kendisi	kendi	kendisi	vermesinden dolayıdır aynı şekilde kendisi hem içip hemde aynı	
lemma	şişmesine	şişmek	şişmesine	sonra karınlarının aşırı derecede şişmesine sebep olan bir hastalığa	
lemma	onları	onlar	onları	olması ve ihramlı olmak onları koruma altına almaz	
lemma	günahı	günah	günahı	attığı her adımla bir günahı bağışlanır mescide girdiği zaman	
lemma	girmeye	girmek	girmeye	bir mesafe kalır oraya girmeye yaklaşır sonra da anne	
lemma	uzanıp	uzanmak	uzanıp	ve sellem âişe önünde uzanıp yatmış olduğu halde gece	
lemma	mallarına	mal	mallarına	sizi onların topraklarına yurtlarına mallarına ve henüz ayak basmadığınız	
lemma	işlerimi	iş	işlerimi	e ulaşmıştı geride bıraktığım işlerimi tekrar bulsaydım kurban getirmezdim	
lemma	onlara	onlar	onlara	hakkında allah tan korkun onlara güzelce binin ve onlardan	
lemma	ettiler	etmek	ettiler	ân okurken onu şehit ettiler öldürdüler	
lemma	buyurdu	buyurmak	buyurdu	sen namaz kılmış olmadın buyurdu ya rasûlullah bana nasıl	
lemma	olsun	olmak	olsun	ve uzzâ ya yemin olsun ki derse derhal la	
lemma	yüzünün	yüz	yüzünün	ayakları parlak olarak çağırılacaktır yüzünün nûrunu artırmaya gücü yeten	
lemma	dünyada	dünya	dünyada	dünyada yararlandırıldıkları şeyler onlara fayda	
lemma	okuyan	okumak	okuyan	an ı kerim i okuyan ve ondan istifade eden	
lemma	peygamberimiz	peygamber	peygamberimiz	onlardan hiçbiri birbirlerini görmezler peygamberimiz sallallahu aleyhi ve sellem	
lemma	vurulur	vurmak	vurulur	ve cinlerin azgınları zincire vurulur artık ramazan ayı dışında	
lemma	sevabını	sevap	sevabını	hareket eden kimse bunun sevabını görür günah maksadıyla hareket	
lemma	yapılmasını	yapmak	yapılmasını	ve sellem mahallelere mescit yapılmasını emretti bunun anlamı her	
lemma	benden	ben	benden	buyurmuştur allah teâlâ nın benden önceki her bir ümmete	
lemma	ederse	etmek	ederse	vaciptir eğer bunu terk ederse günaha girmiş olur aynı	
lemma	işler	iş	işler	iki organ çokça günah işler	
lemma	şeyi	şey	şeyi	daha yatkındırlar allah her şeyi bilendir ve hakîm dir	
lemma	edecektir	etmek	edecektir	tanımayacak kiminiz kiminize lânet edecektir barınağınız cehennem olacaktır yardımcılarınız	
lemma	evlenmesi	evlenmek	evlenmesi	olarak feda eden biriyle evlenmesi onun hanımlarından biri olabileceğini	
lemma	sordu	sormak	sordu	onlara ayakkabılarını çıkarmalarının sebebini sordu onlar şu sözleriyle ona	
lemma	onlara	onlar	onlara	bir önceki gece çıkıp onlara namaz kıldırdığı gibi namaz	
lemma	sorar	sormak	sorar	le mi karşılaştın diye sorar adam evet diye cevaplar	
lemma	edilecek	etmek	edilecek	ki senden başka ibadet edilecek hak mabud yoktur allah	
lemma	erkeklere	erkek	erkeklere	mümin erkeklere söyle gözlerini haramdan sakınsınlar	
lemma	sana	sen	sana	sana söylenenler senden önceki rasûllere	
synonym	dedi	söylemek	dedi	haberini öğrenip sana getiririm dedi evine gidip baktığında başını	
synonym	dedi	söylemek	dedi	için bu sabit oldu dedi sonra bir başka tabut	
synonym	dedi	söylemek	dedi	ne olduğunu biliyor musun dedi ebûbekir o nedir dedi	
synonym	dedi	söylemek	dedi	cündüb radıyallanu anh şöyle dedi rasûlullah sallallahu aleyhi ve	
synonym	vakte	zaman	vakte	ardından onu belli bir vakte kadar zindana atma görüşü	
synonym	dediler	söylemek	dediler	döndürülemeyecek bir azap gelecektir dediler	
synonym	desin	söylemek	desin	arkadaşı da ona yerhamükellah desin aksıranda buna karşılık yehdîkümullahu	
synonym	rablerini	rab	rablerini	altındandır adn cennetinde cennetliklerle rablerini görmeleri arasında allah ın	
synonym	rasûlü	peygamber	rasûlü	anhuma ya kalk allah rasûlü nün yakını olan ümmü	
synonym	rabbine	rab	rabbine	insan mükellef olamaz ve rabbine ibadet edemez allah teâlâ	
synonym	diyecek	söylemek	diyecek	utandırıp bu bana yeter diyecek vazgeçecektir fahişeye gelince belki	
synonym	dedi	söylemek	dedi	arkadaşından izin istemesi müstesnadır dedi cebele b suhaym şöyle	
synonym	birlikte	beraber	birlikte	aleyhi ve sellem ile birlikte güneşin zevalinden sonra cuma	
synonym	dedim	söylemek	dedim	ben âişe radıyallahu anhâ dedim ki bunun üzerine ben	
synonym	rabbine	rab	rabbine	ve sellem şöyle buyurdu rabbine güzelce ibadet eden efendisine	
synonym	mescitten	mescid	mescitten	ibadet için şu üç mescitten başkasına yolculuk edilmez mescid	
synonym	sahabeye	ashab	sahabeye	allah bu iki kıymetli sahabeye hayrete düşüren bir kerametle	
synonym	der	söylemek	der	fakat o da şöyle der şüphesiz ki rabbim bugün	
synonym	rasûlümüz	peygamber	rasûlümüz	çoğunu da açıklamadan geçiveren rasûlümüz gelmiştir doğrusu size allah	
synonym	dediğini	söylemek	dediğini	subhânallah desin onu subhânallah dediğini duyan kimse kendisine dönüp	
synonym	dediler	söylemek	dediler	için bu hayvanları verdi dediler ebû musa dedi ki	
synonym	rabbinin	rab	rabbinin	imtihan ederiz kim de rabbinin zikrinden yüz çevirirse onu	
synonym	rabbisin	rab	rabbisin	allah ım sen insanların rabbisin sıkıntıyı giderensin şifa ihsan	
synonym	dedi	söylemek	dedi	asla günahkârlara destek olmayacağım dedi	
synonym	vakti	zaman	vakti	rivayette ise ikindi namazının vakti güneş batıncaya kadardır buyurmuştur	
synonym	tevbe	tövbe	tevbe	sonra da o na tevbe edin ki üzerinize bol	
synonym	yeminini	yemin etmek	yeminini	bilerek ya da başkasının yeminini aktarmak için yemin etmedim	
synonym	dedi	söylemek	dedi	heber verdim ebû talha dedi ki ey ümmü süleym	
synonym	rabbimiz	rab	rabbimiz	onlar ona inandık hepsi rabbimiz katındandır derler bilmediği konularda	
synonym	rasûlüm	peygamber	rasûlüm	rasûlüm korkuya düştükleri zaman onları	
synonym	dilediğini	istemek	dilediğini	dille istesin zaten o dilediğini yapar ve o nu	
synonym	rablerine	rab	rablerine	o kimselerin cehenneme atılmaları rablerine karşı açıktan işledikleri günahları	
synonym	rasûlallah	rasûlullah	rasûlallah	o şöyle demiştir ya rasûlallah sa d ın annesi	
synonym	demiştir	söylemek	demiştir	rivayet edildiğine göre şöyle demiştir rasûlullah sallallahu aleyhi ve	
synonym	dedi	söylemek	dedi	kılarken gördü kendisine şöyle dedi ey yesâr allah rasûlü	
prefix	radıyallahua	radıyallahu	radıyallahua	üzerinde tutacak ibn mesud radıyallahua anh tan rivayet edildiğine	
prefix	misvakla	misvak	misvakla	in yanına geldim taze misvakla dişlerini misvaklıyordu misvakı diline	
prefix	yumuşaklıkla	yumuşak	yumuşaklıkla	ihsan ettiği açıklanmaktadır çünkü yumuşaklıkla elde edilen birçok hayır	
prefix	aleyhissalatu	aleyhi	aleyhissalatu	haber vermiştir peygamber efendimiz aleyhissalatu vesselam allah teâlâ nın	
prefix	yürümekti	yürümek	yürümekti	çöl topraklarında uzun mesafe yürümekti yanlarında ayaklarını parçalanmaya karşı	
prefix	radıyallahua	radıyallahu	radıyallahua	ömer b el hattâb radıyallahua anh ın yanında oturuyordum	
prefix	radıyallahua	radıyallahu	radıyallahua	cebrâil dir ibn abbâs radıyallahua anhumâ dan rivayet edildiğine	
prefix	radıyallahua	radıyallahu	radıyallahua	diyecek kadar dururdu enes radıyallahua anh şöyle diyordu ben	
prefix	aleyhisselatu	aleyhi	aleyhisselatu	mealindeki ayeti ile isa aleyhisselatu vesselam ın duası olan	
prefix	okumaktı	okumak	okumaktı	de bu mübarek duayı okumaktı biz allah ın kulu	
prefix	aleyhissalatu	aleyhi	aleyhissalatu	secde yapmıştır allah dâvûd aleyhissalatu vesselam ı onu affederek	
prefix	aleyhisselatu	aleyhi	aleyhisselatu	istediğini beyan etmektedir nebî aleyhisselatu vesselam ona allah ın	
prefix	misvaklaması	misvak	misvaklaması	herkese vaciptir farzdır dişlerini misvaklaması ve eğer varsa koku	
prefix	firdevsu	firdevs	firdevsu	senin oğlun bunlardan el firdevsu l a lâ ya	
prefix	aleyhisselatu	aleyhi	aleyhisselatu	hale getirmişti sonra nebi aleyhisselatu vesselam eve girdi ve	
prefix	misvakla	misvak	misvakla	in yanına geldim taze misvakla dişlerini misvaklıyordu misvakı diline	
prefix	misvakla	misvak	misvakla	ve sellem e verdim misvakla dişlerini fırçaladı o günkü	
prefix	misvakladığını	misvak	misvakladığını	o günkü kadar güzel misvakladığını hiç görmedim rasûlullah sallallahu	
prefix	aleyhimu	aleyhi	aleyhimu	ve sellem geçmiş peygamberin aleyhimu ssalatu ve s selam	
prefix	deccâlin	deccal	deccâlin	yere ânında ulaşır mesih deccâlin peşine düşer onu kudüs	
prefix	vurmaksızın	vurmak	vurmaksızın	yaşlı kadınların süslerini açığa vurmaksızın dış elbiselerini çıkarmalarında kendileri	
prefix	insanlarıda	insanlar	insanlarıda	beraber olmanın bu zayıf insanlarıda kapsaması için bu fırsatı	
prefix	misvakla	misvak	misvakla	güzel misvak kullandığını görmemişti misvakla ağzını temizleme işini bitirdikten	
prefix	ayakkabıla	ayakkabı	ayakkabıla	mescide geldiği zaman baksın ayakkabıla rında pislik varsa onu	
prefix	göstermekti	göstermek	göstermekti	ticari olarak ahlakım kolaylık göstermekti benim bir ticari ahlakım	
phrase	bekir	EBU BEKİR	ebû bekir	yoldaşlık ettiğini aynı şekilde ebû bekir ömer ve osman radıyallahu	
phrase	ebû	EBU BEKİR	ebû bekir	için işaret etti fakat ebû bekir ellerini kaldırarak allah a	
phrase	sona	sona ermek	sona erene	onlarla gizlice sözleşmeyin müddet sona erene kadar nikâh akdine kalkışmayın	
phrase	ebu	EBU BEKİR	ebu bekir	a imamlık yapmasını emretti ebu bekir radıyallahu anh kur ân	
phrase	olsun	geçmiş olsun	geçmiş olsun	buyurmuştur kim bir hastaya geçmiş olsun ziyaretinde bulunur yahut allah	
phrase	veririm	söz vermek	söz veririm	bir topluluk içinde bulunmamaya söz veririm dedi bunun üzerine rasûlullah	
phrase	zer	EBU ZER	ebu zer	şöyle dedi ben ve ebu zer mescitte oturuyorduk ebu zer	
phrase	yemin	yemin etmek	yemin ederim	olarak gönderen allah a yemin ederim ki abdullah ın gördüğünü	
phrase	zer	EBU ZER	ebû zer	gerisin geriye kendisine döner ebû zer radıyallahu anh dan merfû	
phrase	bekir	EBU BEKİR	ebu bekir	kadar sürdürdü o zaman ebu bekir yanına gelip ridasını aldı	
