word	gloss	context	new_route	new_gloss	ok
rasûlü	rasûlullah	demiştir çocuklarla birlikte allah rasûlü sallallahu aleyhi ve sellem	synonym	peygamber	
gerçekten	gerçek	verilenler derler ki bugün gerçekten aşağılanma ve kötülük kâfirlerin	lemma	gerçek	
buyurmuştur	buyurmak	aleyhi ve sellem şöyle buyurmuştur selam verdikten sonra her	lemma	buyurmak	
sallallahu	sallanmak	üzerine evi yakabilir nebi sallallahu aleyhi ve sellem haşerattan	-	-	
namazının	namaz	öğle namazının farzını kılarken ilk iki	lemma	namaz	
rekatında	rekat	okurdu sadece sonunda son rekatında selam verirdi nesâî rivayet	lemma	rekat	
galib	galiba	çokluğu sebebiyle din ona galib gelir işinin sonu aciz	-	-	
namazın	namaz	duruyordu bu kadar durmak namazın farzlarından bir farzdır ama	lemma	namaz	
onların	onlar	onların dediklerine karşı sabret güneş	lemma	onlar	
bağışlarım	bağış	devam ettikçe ben onu bağışlarım şüphesiz tövbe geçmişte yapılan	lemma	bağış	
başladı	başlamak	anlatmaz mısın dedim anlatmaya başladı elbette rasûlullah sallallahu aleyhi	lemma	başlamak	
kendilerine	kendi	ayetlerimiz kendilerine apaçık bir şekilde okunduğu	lemma	kendi	
ashabından	ashab	aleyhi ve sellem in ashabından birçok kişiye yetiştim onlar	lemma	ashab	
zalimler	zalim	bir fitne kılmıştır muhakkak zalimler uzak bir ayrılık içindedirler	lemma	zalim	
kadardır	kadar	yeryüzünde kalma süresi ne kadardır diye sorduk şöyle buyurdu	lemma	kadar	
gönderdi	göndermek	şeyi ortak koşmamak üzere gönderdi buyurdu nebi sallallahu aleyhi	lemma	göndermek	
tamamlayacaktır	tamam	dokuza katarak rahmetini yüze tamamlayacaktır bu kederlerle tasalarla dolu	-	-	
onların	onlar	yoldan sapınca allah da onların kalplerini saptırdı allah fasık	lemma	onlar	
hayatta	hayat	bulunmayanlarımızı bağışla allahım bizden hayatta bırakacaklarını islâm üzere yaşat	lemma	hayat	
ibadeti	ibadet	ebu d derdâ gece ibadeti için kalkmak isteyince gecenin	lemma	ibadet	
birlikte	birlik	müstesnaydı o secde edenlerle birlikte olmaktan kaçındı	synonym	beraber	
doğruladı	doğru	allah elçisinin rüyasını hakkıyla doğruladı allah ın dilemesiyle güven	-	-	
akılsızların	akılsız	gibi iman edin denilince akılsızların iman ettiği gibi mi	-	-	
çalışan	çalışkan	nun rızasını kazanmak için çalışan kimseler kastedilmiştir	lemma	çalışmak	
buyurdu	buyurmak	aleyhi ve sellem şöyle buyurdu onlar öyle bir topluluktur	lemma	buyurmak	
giderecek	gider	anlattı ve onun açlığını giderecek karnını doyuracak kadar bile	-	-	
onların	onlar	demelerinden dolayıdır oysa allah onların gizlediklerini bilir	lemma	onlar	
değişmesi	değiştirmek	asla geri dönmek ve değişmesi söz konusu değildir seninle	-	-	
rasûlü	rasûlullah	anh ey allah ın rasûlü bana senin ve arkadaşının	synonym	peygamber	
gündüzün	gündüz	gecenin ve gündüzün içinde barınan her şey	lemma	gündüz	
ahirette	ahiret	iftira atanlar dünya ve ahirette lanetlenmişlerdir onlara büyük bir	lemma	ahiret	
gönderdikleri	göndermek	çayırlar biter insanların yayılmaya gönderdikleri hayvanları daha gösterişli ve	lemma	göndermek	
cehennemin	cehennem	zira siz kadınların çoğu cehennemin odunlarıdır buyurdu kadınların ortasında	lemma	cehennem	
namazlar	namaz	alsın yani şayet bu namazlar arasında başka namaz kılmak	lemma	namaz	
sallallahu	sallanmak	de budur sonra nebi sallallahu aleyhi ve sellem şu	-	-	
şüpheli	şüphe	ve ırzını korumuş olur şüpheli konulardan sakınmayanlar ise gitgide	-	-	
gönderildiniz	göndermek	olarak değil kolaylaştırıcı olarak gönderildiniz bir bedevî kalkıp mescid	lemma	göndermek	
hayırlı	hayır	topluluğu dört kişidir en hayırlı askeri birlik dört yüz	-	-	
rasûlü	rasûlullah	sellem e geldi allah rasûlü sallallahu aleyhi ve sellem	synonym	peygamber	
ibadetle	ibadet	tutmaktan ve gecenin tamamını ibadetle geçirip hiç uyumamaktan da	lemma	ibadet	
merteben	merter	ile oku şüphesiz senin merteben okuduğun son ayete kadardır	-	-	
onları	onlar	onları biz yarattık ve yaratılışlarını	lemma	onlar	
onları	onlar	parmağı arasında olduğunu ve onları dilediği gibi çevirdiğini haber	lemma	onlar	
sallallahu	sallanmak	demiş bunun üzerine nebi sallallahu aleyhi ve sellem rafi	-	-	
ısrarcı	ısrar	yanına gittiğinde alacağını almakta ısrarcı olmayıp ona mühlet vererek	-	-	
buyurdu	buyurmak	duydu bunun üzerine şöyle buyurdu hayâ imandandır nebi sallallahu	lemma	buyurmak	
meşrudur	meşru	alimlerin cumhuru birinci ezan meşrudur ancak sadece onunla yetinilmez	lemma	meşru	
çalışanlar	çalışkan	rabbinin izniyle onun emrinde çalışanlar vardı onlardan kim emrimizden	lemma	çalışmak	
arasında	arasıra	allah ile mazlum kimselerin arasında perde yoktur nebi sallallahu	-	-	
sünnetinde	sünnet	sünnetidir sen allah ın sünnetinde kesinlikle hiç bir değişiklik	lemma	sünnet	
