lemma	tokens
sallallahu	8352
sellem	8321
kimse	2940
anh	2820
rivayet	2573
el	1765
yan	1342
haber	1244
söz	1228
ebû	1214
ara	1147
bulunmak	1135
kadın	1044
teala	1037
iç	1007
hal	994
şekil	950
baş	857
hiçbir	804
karşı	795
emretmek	789
sahip	760
azap	735
dolayı	729
anha	665
ebu	641
ibn	608
aişe	607
abdullah	595
üzeri	584
öldürmek	582
durum	565
hureyre	555
l	543
işitmek	518
karşılık	483
sure	476
gök	475
değildir	475
durmak	474
yüce	474
geçmek	472
son	469
efendi	464
kabul	463
bulmak	435
indirmek	432
anhuma	419
kat	417
rahmet	415
taraf	413
yine	410
sadaka	407
devam	406
yasaklamak	405
işlemek	403
kılmak	391
oğul	388
ım	388
ümmet	386
ilah	380
göz	379
musa	378
kısım	373
kavim	370
bağışlamak	367
zikretmek	367
kaldırmak	365
gerekmek	364
ehil	362
bile	353
hanım	344
imek	343
konuşmak	337
husus	333
çıkarmak	332
yahut	325
topluluk	322
koymak	322
sığınmak	321
mana	321
nimet	320
mi	306
muhammed	303
abbas	302
cell	301
salih	299
muhakkak	299
azze	292
yeryüzü	290
kötülük	287
art	286
şer	282
üstün	275
zira	257
iken	257
olmayan	245
terk	243
iyilik	239
tekbir	230
şayet	230
bura	229
kadı	225
merfû	224
sa	224
dilmek	221
malik	221
hastalık	218
hayırlı	218
yalanlamak	217
dil	215
bekir	214
andol	213
d	208
koca	204
ay	201
kullanmak	200
amr	195
davranmak	194
şirk	194
süre	192
apaçık	191
anhumâ	189
yahudi	187
kazanmak	187
akşam	187
rüku	186
elbette	185
uğramak	183
boşamak	182
said	182
edinmek	181
bildirmek	179
yönelmek	178
la	178
sele	178
ağız	177
isim	176
ibrahim	172
kulak	171
ister	171
davet	171
borç	170
kabile	170
mu	169
toprak	169
yıl	166
hoş	164
parça	159
çağırmak	158
saymak	158
vefat	157
miktar	157
beyan	154
herhangi	154
uymak	153
çoğu	152
geçirmek	150
elde	150
gidermek	149
kap	148
korku	147
cihat	147
inmek	147
sıfat	147
şiddetli	146
örtmek	145
tamamlamak	143
rızık	142
ihsan	142
sabit	141
müslim	141
etmez	140
ölü	139
ikram	139
değmek	138
benzeri	137
zeyd	137
hakim	135
rıza	135
suret	135
mükafat	134
gizlemek	134
sanki	134
hamd	134
hani	133
lütuf	133
şahitlik	133
nur	133
toplum	132
türlü	127
had	127
ümmü	127
nihayet	126
hatta	126
halbuki	125
kan	125
hikmet	125
pek	125
hicret	125
gerek	125
fazilet	124
ilahe	124
vitir	124
hariç	123
talep	123
bilakis	122
ikindi	122
zikir	122
sakınmak	121
yardımcı	121
mülk	120
önceki	118
layık	118
deme	118
olay	116
cariye	114
delalet	114
ebî	114
mı	113
binmek	113
buhari	113
ummak	112
arzu	112
binek	112
fiil	111
hayırlıdır	111
dosdoğru	110
cezalandırmak	110
gusül	110
davranış	110
ilişki	110
fark	109
sak	109
icabet	109
yarı	109
cihad	109
deyi	107
sevgi	107
makam	107
seslenmek	107
dair	107
davud	107
zulmetmek	106
olmadığı	106
abdurrahman	106
sebeple	104
rağmen	104
karı	104
s	104
gecelemek	103
beden	103
alem	102
içeri	102
hattab	102
dahi	101
müjdelemek	100
müddet	100
kere	100
sövmek	100
bedevi	100
esna	99
isabet	99
tesbih	98
olmadığını	98
müstesna	98
doğmak	98
alıkoymak	97
aşağı	97
üst	97
uygulamak	96
gazve	96
cahiliye	94
dert	94
hudrî	94
satış	94
oysa	93
musibet	93
altı	93
batmak	93
illallah	93
lafız	93
bint	93
anmak	92
yatsı	92
zat	92
bahsetmek	92
hamt	91
dikkat	91
doldurmak	91
mes	91
izin	90
karın	90
hükmetmek	90
hissetmek	90
cinsel	90
ermek	89
teslim	89
burun	89
şifa	89
